video_name,label
WIN_20260808_12_25_18_Pro_0000_to_0063.avi,6
WIN_20260808_12_25_18_Pro_0020_to_0083.avi,6
WIN_20260808_12_25_18_Pro_0040_to_0103.avi,6
WIN_20260808_12_25_18_Pro_0060_to_0123.avi,6
WIN_20260808_12_25_18_Pro_0100_to_0163.avi,6
WIN_20260808_12_25_18_Pro_0120_to_0183.avi,6
WIN_20260808_12_25_18_Pro_0140_to_0203.avi,6
WIN_20260808_12_25_18_Pro_0160_to_0223.avi,6
WIN_20260808_12_25_18_Pro_0200_to_0263.avi,6
WIN_20260808_12_25_18_Pro_0220_to_0283.avi,6
WIN_20260808_12_25_18_Pro_0240_to_0303.avi,6
WIN_20260808_12_25_18_Pro_0260_to_0323.avi,6
WIN_20260808_12_25_18_Pro_0300_to_0363.avi,6
WIN_20260808_12_25_18_Pro_0320_to_0383.avi,6
WIN_20260808_12_25_18_Pro_0340_to_0403.avi,6
WIN_20260808_12_25_18_Pro_0360_to_0423.avi,6
WIN_20260808_12_25_18_Pro_0400_to_0463.avi,6
WIN_20260808_12_25_18_Pro_0420_to_0483.avi,6
WIN_20260808_12_25_18_Pro_0440_to_0503.avi,6
WIN_20260808_12_25_18_Pro_0460_to_0523.avi,6
WIN_20260808_12_25_18_Pro_0500_to_0563.avi,6
WIN_20260808_12_25_18_Pro_0520_to_0583.avi,6
WIN_20260808_12_25_18_Pro_0540_to_0603.avi,6
WIN_20260808_12_25_18_Pro_0560_to_0623.avi,6
WIN_20260808_12_25_18_Pro_0600_to_0663.avi,6
WIN_20260808_12_25_18_Pro_0620_to_0683.avi,6
WIN_20260808_12_25_18_Pro_0640_to_0703.avi,6
WIN_20260808_12_25_18_Pro_0660_to_0723.avi,6
WIN_20260808_12_25_18_Pro_0700_to_0763.avi,6
WIN_20260808_12_25_18_Pro_0720_to_0783.avi,6
WIN_20260808_12_25_18_Pro_0740_to_0803.avi,6
WIN_20260808_12_25_18_Pro_0760_to_0823.avi,6
WIN_20260808_12_25_18_Pro_0800_to_0863.avi,6
WIN_20260808_12_25_18_Pro_0820_to_0883.avi,6
WIN_20260808_12_25_18_Pro_0840_to_0903.avi,6
WIN_20260808_12_25_18_Pro_0860_to_0923.avi,6
WIN_20260808_12_25_18_Pro_0900_to_0963.avi,6
WIN_20260808_12_25_18_Pro_0920_to_0983.avi,6
WIN_20260808_12_25_18_Pro_0940_to_1003.avi,6
WIN_20260808_12_25_18_Pro_0960_to_1023.avi,6
WIN_20260808_12_25_18_Pro_1000_to_1063.avi,6
WIN_20260808_12_25_18_Pro_1020_to_1083.avi,6
WIN_20260808_12_25_18_Pro_1040_to_1103.avi,6
WIN_20260808_12_25_18_Pro_1060_to_1123.avi,6
WIN_20260808_12_25_18_Pro_1100_to_1163.avi,6
WIN_20260808_12_25_18_Pro_1120_to_1183.avi,6
WIN_20260808_12_25_18_Pro_1140_to_1203.avi,6
WIN_20260808_12_25_18_Pro_1160_to_1223.avi,6
WIN_20260808_12_25_18_Pro_1200_to_1263.avi,6
WIN_20260808_12_25_18_Pro_1220_to_1283.avi,6
WIN_20260808_12_25_18_Pro_1240_to_1303.avi,6
WIN_20260808_12_25_18_Pro_1260_to_1323.avi,6
WIN_20260808_12_25_18_Pro_1300_to_1363.avi,6
WIN_20260808_12_25_18_Pro_1320_to_1383.avi,6
WIN_20260808_12_25_18_Pro_1340_to_1403.avi,6
WIN_20260808_12_25_18_Pro_1360_to_1423.avi,6
WIN_20260808_12_25_18_Pro_1400_to_1463.avi,6
WIN_20260808_12_25_18_Pro_1420_to_1483.avi,6
WIN_20260808_12_25_18_Pro_1440_to_1503.avi,6
WIN_20260808_12_25_18_Pro_1460_to_1523.avi,6
WIN_20260808_12_25_18_Pro_1500_to_1563.avi,6
WIN_20260808_12_25_18_Pro_1520_to_1583.avi,6
WIN_20260808_12_25_18_Pro_1540_to_1603.avi,6
WIN_20260808_12_25_18_Pro_1560_to_1623.avi,6
WIN_20260808_12_25_18_Pro_1600_to_1663.avi,6
WIN_20260808_12_25_18_Pro_1620_to_1683.avi,6
WIN_20260808_12_25_18_Pro_1640_to_1703.avi,6
WIN_20260808_12_25_18_Pro_1660_to_1723.avi,6
WIN_20260808_12_25_18_Pro_1700_to_1763.avi,6
WIN_20260808_12_25_18_Pro_1720_to_1783.avi,6
WIN_20260808_12_25_18_Pro_1740_to_1803.avi,6
WIN_20260808_12_25_18_Pro_1760_to_1823.avi,6
WIN_20260808_12_25_18_Pro_1800_to_1863.avi,6
WIN_20260808_12_25_18_Pro_1820_to_1883.avi,6
WIN_20260808_12_25_18_Pro_1840_to_1903.avi,6
WIN_20260808_12_25_18_Pro_1860_to_1923.avi,6
WIN_20260808_12_25_18_Pro_1900_to_1963.avi,6
WIN_20260808_12_25_18_Pro_1920_to_1983.avi,6
WIN_20260808_12_25_18_Pro_1940_to_2003.avi,6
WIN_20260808_12_25_18_Pro_1960_to_2023.avi,6
WIN_20260808_12_25_18_Pro_2000_to_2063.avi,6
WIN_20260808_12_25_18_Pro_2020_to_2083.avi,6
WIN_20260808_12_25_18_Pro_2040_to_2103.avi,6
WIN_20260808_12_25_18_Pro_2060_to_2123.avi,6
WIN_20260808_12_25_18_Pro_2100_to_2163.avi,6
WIN_20260808_12_25_18_Pro_2120_to_2183.avi,6
WIN_20260808_12_25_18_Pro_2140_to_2203.avi,6
WIN_20260808_12_25_18_Pro_2160_to_2223.avi,6
WIN_20260808_12_25_18_Pro_2200_to_2263.avi,6
WIN_20260808_12_25_18_Pro_2220_to_2283.avi,6
WIN_20260808_12_25_18_Pro_2240_to_2303.avi,6
WIN_20260808_12_25_18_Pro_2260_to_2323.avi,6
WIN_20260808_12_25_18_Pro_2300_to_2363.avi,6
WIN_20260808_12_25_18_Pro_2320_to_2383.avi,6
WIN_20260808_12_25_18_Pro_2340_to_2403.avi,6
WIN_20260808_12_25_18_Pro_2360_to_2423.avi,6
WIN_20260808_12_25_18_Pro_2400_to_2463.avi,6
WIN_20260808_12_25_18_Pro_2420_to_2483.avi,6
WIN_20260808_12_25_18_Pro_2440_to_2503.avi,6
WIN_20260808_12_25_18_Pro_2460_to_2523.avi,6
WIN_20260808_12_25_18_Pro_2500_to_2563.avi,6
WIN_20260808_12_25_18_Pro_2520_to_2583.avi,6
WIN_20260808_12_25_18_Pro_2540_to_2603.avi,6
WIN_20260808_12_25_18_Pro_2560_to_2623.avi,6
WIN_20260808_12_25_18_Pro_2600_to_2663.avi,6
WIN_20260808_12_25_18_Pro_2620_to_2683.avi,6
WIN_20260808_12_25_18_Pro_2640_to_2703.avi,6
WIN_20260808_12_25_18_Pro_2660_to_2723.avi,6
WIN_20260808_12_25_18_Pro_2700_to_2763.avi,6
WIN_20260808_12_25_18_Pro_2720_to_2783.avi,6
WIN_20260808_12_25_18_Pro_2740_to_2803.avi,6
WIN_20260808_12_25_18_Pro_2760_to_2823.avi,6
WIN_20260808_12_25_18_Pro_2800_to_2863.avi,6
WIN_20260808_12_25_18_Pro_2820_to_2883.avi,6
WIN_20260808_12_25_18_Pro_2840_to_2903.avi,6
WIN_20260808_12_25_18_Pro_2860_to_2923.avi,6
WIN_20260808_12_25_18_Pro_2900_to_2963.avi,6
WIN_20260808_12_25_18_Pro_2920_to_2983.avi,6
WIN_20260808_12_25_18_Pro_2940_to_3003.avi,6
WIN_20260808_12_25_18_Pro_2960_to_3023.avi,6
WIN_20260808_12_25_18_Pro_3000_to_3063.avi,6
WIN_20260808_12_25_18_Pro_3020_to_3083.avi,6
WIN_20260808_12_25_18_Pro_3040_to_3103.avi,6
WIN_20260808_12_25_18_Pro_3060_to_3123.avi,6
WIN_20260808_12_25_18_Pro_3100_to_3163.avi,6
WIN_20260808_12_25_18_Pro_3120_to_3183.avi,6
WIN_20260808_12_25_18_Pro_3140_to_3203.avi,6
WIN_20260808_12_25_18_Pro_3160_to_3223.avi,6
WIN_20260808_12_25_18_Pro_3200_to_3263.avi,6
WIN_20260808_12_25_18_Pro_3220_to_3283.avi,6
WIN_20260808_12_25_18_Pro_3240_to_3303.avi,6
WIN_20260808_12_25_18_Pro_3260_to_3323.avi,6
WIN_20260808_12_25_18_Pro_3300_to_3363.avi,6
WIN_20260808_12_25_18_Pro_3320_to_3383.avi,6
WIN_20260808_12_25_18_Pro_3340_to_3403.avi,6
WIN_20260808_12_25_18_Pro_3360_to_3423.avi,6
WIN_20260808_12_25_18_Pro_3400_to_3463.avi,6
WIN_20260808_12_25_18_Pro_3420_to_3483.avi,6
WIN_20260808_12_25_18_Pro_3440_to_3503.avi,6
WIN_20260808_12_25_18_Pro_3460_to_3523.avi,6
WIN_20260808_12_25_18_Pro_3500_to_3563.avi,6
WIN_20260808_12_25_18_Pro_3520_to_3583.avi,6
WIN_20260808_12_25_18_Pro_3540_to_3603.avi,6
WIN_20260808_12_25_18_Pro_3560_to_3623.avi,6
WIN_20260808_12_25_18_Pro_3600_to_3663.avi,6
WIN_20260808_12_25_18_Pro_3620_to_3683.avi,6
WIN_20260808_12_25_18_Pro_3640_to_3703.avi,6
WIN_20260808_12_25_18_Pro_3660_to_3723.avi,6
WIN_20260808_12_25_18_Pro_3700_to_3763.avi,6
WIN_20260808_12_25_18_Pro_3720_to_3783.avi,6
WIN_20260808_12_25_18_Pro_3740_to_3803.avi,6
WIN_20260808_12_25_18_Pro_3760_to_3823.avi,6
WIN_20260808_12_25_18_Pro_3800_to_3863.avi,6
WIN_20260808_12_25_18_Pro_3820_to_3883.avi,6
WIN_20260808_12_25_18_Pro_3840_to_3903.avi,6
WIN_20260808_12_25_18_Pro_3860_to_3923.avi,6
WIN_20260808_12_25_18_Pro_3900_to_3963.avi,6
WIN_20260808_12_25_18_Pro_3920_to_3983.avi,6
WIN_20260808_12_25_18_Pro_3940_to_4003.avi,6
WIN_20260808_12_25_18_Pro_3960_to_4023.avi,6
WIN_20260808_12_25_18_Pro_4000_to_4063.avi,6
WIN_20260808_12_25_18_Pro_4020_to_4083.avi,6
WIN_20260808_12_25_18_Pro_4040_to_4103.avi,6
